접속일자,PC접속수,모바일접속수
2021-01-01,"1,870",900
2021-01-02,"1,660","1,280"
2021-01-03,"4,440",550
2021-01-04,"2,890",520
2021-01-05,"2,500",400
2021-01-06,"1,730",320
2021-01-07,"1,580",590
2021-01-08,"2,490",450
2021-01-09,"2,850",630
2021-01-10,"2,890",660
2021-01-11,"3,040",360
2021-01-12,"2,860",350
2021-01-13,"3,340",340
2021-01-14,"2,650",610
2021-01-15,"3,200",580
2021-01-16,"3,410","1,230"
2021-01-17,"2,570",750
2021-01-18,"3,000",520
2021-01-19,"3,130",580
2021-01-20,"3,850",500
2021-01-21,"3,210",470
2021-01-22,"1,490",680
2021-01-23,"1,590",920
2021-01-24,"3,290",920
2021-01-25,"3,490",590
2021-01-26,"1,820",710
2021-01-27,"1,940",690
2021-01-28,"2,170",650
2021-01-29,"3,590",840
2021-01-30,"3,290","1,200"
2021-01-31,"1,200",810
2021-02-01,"2,150",500
2021-02-02,"1,820",570
2021-02-03,"1,990",560
2021-02-04,"2,590",600
2021-02-05,"2,250",570
2021-02-06,"2,600",810
2021-02-07,"1,760",940
2021-02-08,"3,620",600
2021-02-09,"2,330",520
2021-02-10,"3,180",760
2021-02-11,"4,090","1,370"
2021-02-12,"1,800","1,590"
2021-02-13,"1,880","2,260"
2021-02-14,"3,180","1,310"
2021-02-15,"2,620",790
2021-02-16,"2,390",920
2021-02-17,"2,840",610
2021-02-18,"2,640",690
2021-02-19,"3,920",980
2021-02-20,"2,300","1,690"
2021-02-21,"3,830","1,440"
2021-02-22,"6,640","1,040"
2021-02-23,"4,100",960
2021-02-24,"2,970",810
2021-02-25,"3,540","1,340"
2021-02-26,"3,800","1,300"
2021-02-27,"2,230","2,450"
2021-02-28,"2,220","2,190"
2021-03-01,"3,320",990
2021-03-02,"2,200",420
2021-03-03,"3,490",670
2021-03-04,"2,580",660
2021-03-05,"2,670",710
2021-03-06,"3,540","1,150"
2021-03-07,"3,070",860
2021-03-08,"2,090",550
2021-03-09,"2,480",310
2021-03-10,"2,290",520
2021-03-11,"2,760",660
2021-03-12,"1,0010",810
2021-03-13,"4,170","1,330"
2021-03-14,"1,890","1,110"
2021-03-15,"1,760",670
2021-03-16,"4,910",520
2021-03-17,"1,920",580
2021-03-18,"2,140",660
2021-03-19,"2,900",770
2021-03-20,"1,850","1,050"
2021-03-21,"1,460","1,070"
2021-03-22,"2,410",750
2021-03-23,"2,010",590
2021-03-24,"2,930",970
2021-03-25,"3,700","1,750"
2021-03-26,"3,860","1,480"
2021-03-27,"2,190","1,290"
2021-03-28,"3,580","1,380"
2021-03-29,"3,310",670
2021-03-30,"3,070",500
2021-03-31,"2,790",530
2021-04-01,"4,410",630
2021-04-02,"2,660",700
2021-04-03,"1,970","1,070"
2021-04-04,"1,960",820
2021-04-05,"2,600",650
2021-04-06,"2,400",630
2021-04-07,"7,620",710
2021-04-08,"3,790",730
2021-04-09,"4,130",860
2021-04-10,"4,350","1,360"
2021-04-11,"3,910","1,060"
2021-04-12,"5,250",670
2021-04-13,"3,790",700
2021-04-14,"5,490",730
2021-04-15,"6,420",440
2021-04-16,"6,150",790
2021-04-17,"3,200","1,020"
2021-04-18,"2,150","1,320"
2021-04-19,"2,740",630
2021-04-20,"2,810",620
2021-04-21,"3,000",920
2021-04-22,"4,780",660
2021-04-23,"7,130",810
2021-04-24,"6,300","1,250"
2021-04-25,"2,580","1,200"
2021-04-26,"2,420",710
2021-04-27,"4,240",740
2021-04-28,"2,260",580
2021-04-29,"4,520",840
2021-04-30,"2,440","1,070"
2021-05-01,"3,430","1,690"
2021-05-02,"1,770","2,100"
2021-05-03,"4,030","1,380"
2021-05-04,"4,560","1,900"
2021-05-05,"8,600","2,070"
2021-05-06,"3,880","2,720"
2021-05-07,"4,430","1,390"
2021-05-08,"3,240","1,260"
2021-05-09,"2,830",930
2021-05-10,"2,910",680
2021-05-11,"2,600",660
2021-05-12,"2,300",620
2021-05-13,"3,230",540
2021-05-14,"2,240",690
2021-05-15,"2,150",970
2021-05-16,"2,040","1,030"
2021-05-17,"3,940",640
2021-05-18,"5,600",940
2021-05-19,"4,170","1,160"
2021-05-20,"3,400",790
2021-05-21,"3,510",850
2021-05-22,"2,800","1,280"
2021-05-23,"2,210","1,240"
2021-05-24,"2,770",720
2021-05-25,"2,490",520
2021-05-26,"3,590",680
2021-05-27,"2,960",760
2021-05-28,"4,090",700
2021-05-29,"2,470","1,550"
2021-05-30,"1,690",970
2021-05-31,"2,410",600
2021-06-01,"1,2150","1,260"
2021-06-02,"6,040","1,220"
2021-06-03,"3,210",740
2021-06-04,"3,160",780
2021-06-05,"2,660","1,540"
2021-06-06,"2,410","1,340"
2021-06-07,"3,620",920
2021-06-08,"3,470",640
2021-06-09,"4,290",670
2021-06-10,"2,950",970
2021-06-11,"2,930",970
2021-06-12,"2,520","1,460"
2021-06-13,"8,180","1,470"
2021-06-14,"2,710",830
2021-06-15,"3,230",860
2021-06-16,"9,170",820
2021-06-17,"5,500",900
2021-06-18,"3,720","1,030"
2021-06-19,"3,020","1,680"
2021-06-20,"2,340","1,720"
2021-06-21,"2,690","1,020"
2021-06-22,"4,300",890
2021-06-23,"2,190",980
2021-06-24,"2,390","1,000"
2021-06-25,"2,630","1,020"
2021-06-26,"6,020","1,860"
2021-06-27,"1,840","1,890"
2021-06-28,"3,040",990
2021-06-29,"2,730",840
2021-06-30,"3,070",980
2021-07-01,"3,400",870
2021-07-02,"1,840","1,060"
2021-07-03,"2,970","1,510"
2021-07-04,"1,880","1,750"
2021-07-05,"3,880",890
2021-07-06,"8,460",740
2021-07-07,"2,870","1,050"
2021-07-08,"2,670","1,000"
2021-07-09,"3,030","1,090"
2021-07-10,"5,020","1,540"
2021-07-11,"8,760","1,400"
2021-07-12,"3,460","1,100"
2021-07-13,"3,520",970
2021-07-14,"4,980","1,120"
2021-07-15,"8,570",990
2021-07-16,"5,800","1,400"
2021-07-17,"2,950","2,100"
2021-07-18,"2,790","1,770"
2021-07-19,"3,340","1,560"
2021-07-20,"3,410","1,410"
2021-07-21,"2,470","1,460"
2021-07-22,"3,980","1,360"
2021-07-23,"1,4400","1,650"
2021-07-24,"1,940","2,490"
2021-07-25,"2,360","2,570"
2021-07-26,"7,030","2,100"
2021-07-27,"2,5840","4,820"
2021-07-28,"2,3490","2,670"
2021-07-29,"1,1410","2,730"
2021-07-30,"1,5130","2,590"
2021-07-31,"2,740","3,910"
2021-08-01,"5,380","4,170"
2021-08-02,"1,7650","4,020"
2021-08-03,"5,810","3,340"
2021-08-04,"3,760","2,880"
2021-08-05,"3,730","2,840"
2021-08-06,"3,230","2,700"
2021-08-07,"2,760","3,140"
2021-08-08,"2,540","2,790"
2021-08-09,"5,740","2,130"
2021-08-10,"3,520","2,000"
2021-08-11,"2,900","1,810"
2021-08-12,"4,370","2,180"
2021-08-13,"3,860","2,290"
2021-08-14,"3,650","3,410"
2021-08-15,"2,570","4,030"
2021-08-16,"4,110","2,520"
2021-08-17,"5,290","1,790"
2021-08-18,"3,460","1,390"
2021-08-19,"7,140","1,220"
2021-08-20,"9,070","1,300"
2021-08-21,"3,850","1,460"
2021-08-22,"2,890","1,460"
2021-08-23,"5,070",850
2021-08-24,"3,090",900
2021-08-25,"2,960","1,120"
2021-08-26,"3,630",920
2021-08-27,"2,740",740
2021-08-28,"2,440","1,370"
2021-08-29,"2,870","1,260"
2021-08-30,"2,910",730
2021-08-31,"3,440",740
2021-09-01,"3,610",620
2021-09-02,"3,880",800
2021-09-03,"4,570",970
2021-09-04,"5,080","1,270"
2021-09-05,"3,710",990
2021-09-06,"1,0150",700
2021-09-07,"6,190",730
2021-09-08,"2,920",990
2021-09-09,"2,700",950
2021-09-10,"3,330",970
2021-09-11,"2,730","1,140"
2021-09-12,"2,690","1,210"
2021-09-13,"3,230",990
2021-09-14,"3,130","1,060"
2021-09-15,"3,110","1,070"
2021-09-16,"3,140","1,270"
2021-09-17,"3,580","1,530"
2021-09-18,"6,360","2,310"
2021-09-19,"6,140","3,270"
2021-09-20,"3,890","2,560"
2021-09-21,"2,560","2,330"
2021-09-22,"4,410","2,330"
2021-09-23,"4,370","1,360"
2021-09-24,"3,760","1,400"
2021-09-25,"2,990","1,680"
2021-09-26,"2,920","1,390"
2021-09-27,"3,900","1,120"
2021-09-28,"5,430","1,910"
2021-09-29,"4,750","1,650"
2021-09-30,"3,410","1,500"
2021-10-01,"3,780","1,980"
2021-10-02,"2,480","2,810"
2021-10-03,"3,850","4,070"
2021-10-04,"2,920","1,980"
2021-10-05,"5,220","1,470"
2021-10-06,"3,030","1,530"
2021-10-07,"3,750","1,310"
2021-10-08,"3,230","1,800"
2021-10-09,"2,910","2,890"
2021-10-10,"3,910","5,760"
2021-10-11,"3,480","2,720"
2021-10-12,"5,370","1,620"
2021-10-13,"4,990","1,630"
2021-10-14,"4,490","2,010"
2021-10-15,"7,290","2,120"
2021-10-16,"4,160","2,650"
2021-10-17,"4,300","4,630"
2021-10-18,"6,820","2,580"
2021-10-19,"8,040","3,860"
2021-10-20,"1,0800","8,500"
2021-10-21,"4,1740","5,9040"
2021-10-22,"9,790","1,0980"
2021-10-23,"4,010","5,820"
2021-10-24,"3,890","4,330"
2021-10-25,"4,340","2,120"
2021-10-26,"4,000","1,810"
2021-10-27,"4,590","2,020"
2021-10-28,"8,440","1,690"
2021-10-29,"6,180","2,030"
2021-10-30,"2,230","2,570"
2021-10-31,"3,760","2,220"
2021-11-01,"3,190","1,700"
2021-11-02,"3,250","1,390"
2021-11-03,"5,400","1,340"
2021-11-04,"4,800","1,420"
2021-11-05,"8,490","1,280"
2021-11-06,"2,250","2,260"
2021-11-07,"2,040","1,910"
2021-11-08,"3,410","1,290"
2021-11-09,"3,790","1,170"
2021-11-10,"3,250","1,180"
2021-11-11,"3,400",960
2021-11-12,"8,340","1,350"
2021-11-13,"3,260","1,810"
2021-11-14,"2,960","1,870"
2021-11-15,"4,560","1,230"
2021-11-16,"6,340","1,300"
2021-11-17,"4,290",870
2021-11-18,"3,120","1,130"
2021-11-19,"3,780","1,370"
2021-11-20,"3,960","2,010"
2021-11-21,"3,040","2,260"
2021-11-22,"3,900",980
2021-11-23,"3,660","1,040"
2021-11-24,"6,630",830
2021-11-25,"7,100",990
2021-11-26,"3,490","1,050"
2021-11-27,"3,130","1,440"
2021-11-28,"2,810","1,330"
2021-11-29,"3,200",810
2021-11-30,"3,730",890
2021-12-01,"2,800",930
2021-12-02,"3,280","1,140"
2021-12-03,"4,320",890
2021-12-04,"4,650","1,280"
2021-12-05,"3,340","1,130"
2021-12-06,"3,190",860
2021-12-07,"4,650","1,020"
2021-12-08,"4,140",660
2021-12-09,"4,210",970
2021-12-10,"3,620","1,000"
2021-12-11,"3,300","1,900"
2021-12-12,"5,740","1,300"
2021-12-13,"6,460","1,180"
2021-12-14,"4,520","1,010"
2021-12-15,"6,450",760
2021-12-16,"3,810",840
2021-12-17,"7,120",880
2021-12-18,"2,660",960
2021-12-19,"5,650","1,120"
2021-12-20,"5,990",890
2021-12-21,"3,820",950
2021-12-22,"3,750",980
2021-12-23,"8,450","1,050"
2021-12-24,"5,300","1,540"
2021-12-25,"3,330","1,630"
2021-12-26,"3,000","1,860"
2021-12-27,"4,130","1,750"
2021-12-28,"5,550","1,710"
2021-12-29,"6,970","1,650"
2021-12-30,"4,760","1,910"
2021-12-31,"3,880","2,110"
